epoch,time,train/box_loss,train/cls_loss,train/dfl_loss,train/mixture_aux_loss,metrics/precision(B),metrics/recall(B),metrics/mAP50(B),metrics/mAP50-95(B),val/box_loss,val/cls_loss,val/dfl_loss,val/mixture_aux_loss,lr/pg0,lr/pg1,lr/pg2,lr/pg3,lr/pg4
1,75.9244,3.30695,7.59218,0.04892,1.32575,0.00027,0.00156,1e-05,0,3.60991,9.38586,0.06478,0,0.00332682,0.00332682,0.0700586,0.00166341,0.00665365
2,145.898,2.9542,6.68283,0.03938,1.0006,9e-05,0.00086,0,0,3.51247,62.4698,0.0617,0,0.00652829,0.00652829,0.0399267,0.00326414,0.0130566
3,217.16,2.70773,5.53096,0.03209,1.00078,0.61027,0.00608,0.00171,0.00071,2.92172,5.20312,0.04056,0,0.00959775,0.00959775,0.00966285,0.00479887,0.0191955
4,290.998,2.54852,4.57534,0.02735,0.9989,0.00605,0.11594,0.00743,0.00357,2.77175,6.14822,0.03439,0,0.009406,0.009406,0.009406,0.004703,0.018812
5,366.67,2.49941,4.09708,0.02641,0.99983,0.00837,0.14179,0.00881,0.00483,2.67899,19.9638,0.03199,0,0.009208,0.009208,0.009208,0.004604,0.018416
6,443.305,2.46055,3.9005,0.02558,1.00022,0.43506,0.02369,0.01564,0.00823,2.55718,4.05397,0.03031,0,0.00901,0.00901,0.00901,0.004505,0.01802
7,516.623,2.44477,3.773,0.02474,1.00015,0.59459,0.02188,0.01566,0.00714,2.5391,3.70764,0.02829,0,0.008812,0.008812,0.008812,0.004406,0.017624
8,583.519,2.4488,3.67984,0.02437,0.99927,0.49524,0.02385,0.02459,0.0125,2.54313,3.73591,0.02837,0,0.008614,0.008614,0.008614,0.004307,0.017228
9,647.87,2.40537,3.61299,0.02335,1.00099,0.49388,0.02767,0.0249,0.01219,2.46667,3.69232,0.027,0,0.008416,0.008416,0.008416,0.004208,0.016832
10,709.731,2.36253,3.57716,0.02364,0.99989,0.58554,0.03044,0.02751,0.01451,2.42594,3.51166,0.02685,0,0.008218,0.008218,0.008218,0.004109,0.016436
11,773.335,2.38447,3.54194,0.02327,0.99743,0.5467,0.03704,0.03292,0.01767,2.43418,3.88111,0.02681,0,0.00802,0.00802,0.00802,0.00401,0.01604
12,835.509,2.3622,3.49983,0.02297,0.99873,0.49645,0.04755,0.03811,0.02041,2.44591,3.72682,0.02587,0,0.007822,0.007822,0.007822,0.003911,0.015644
13,900.685,2.34426,3.47148,0.02253,0.99803,0.45099,0.05199,0.03649,0.01944,2.44427,3.64594,0.02596,0,0.007624,0.007624,0.007624,0.003812,0.015248
14,965.168,2.33665,3.45387,0.02259,0.99852,0.42964,0.04779,0.03919,0.02075,2.38844,3.76664,0.02561,0,0.007426,0.007426,0.007426,0.003713,0.014852
15,1028.84,2.33262,3.41488,0.02243,0.99885,0.42826,0.0541,0.04545,0.02545,2.38758,3.36907,0.02539,0,0.007228,0.007228,0.007228,0.003614,0.014456
16,1091.98,2.31399,3.39121,0.022,0.99821,0.38655,0.05828,0.04954,0.02605,2.376,3.36431,0.02553,0,0.00703,0.00703,0.00703,0.003515,0.01406
17,1157.65,2.27968,3.3879,0.02204,0.99834,0.4477,0.05906,0.04823,0.02559,2.3631,3.34151,0.0249,0,0.006832,0.006832,0.006832,0.003416,0.013664
18,1223.6,2.31102,3.37493,0.02216,0.99859,0.40051,0.06766,0.05542,0.02894,2.3803,3.29361,0.02529,0,0.006634,0.006634,0.006634,0.003317,0.013268
19,1291.15,2.3278,3.32616,0.02174,0.99819,0.34362,0.07069,0.05304,0.02912,2.33808,3.31508,0.02435,0,0.006436,0.006436,0.006436,0.003218,0.012872
20,1360.85,2.28402,3.30071,0.02173,0.99913,0.41191,0.06729,0.05754,0.03262,2.32642,3.25494,0.0238,0,0.006238,0.006238,0.006238,0.003119,0.012476
21,1425.58,2.27416,3.27233,0.02126,0.9991,0.38098,0.07292,0.05501,0.03129,2.33922,3.28059,0.0239,0,0.00604,0.00604,0.00604,0.00302,0.01208
22,1489.44,2.27968,3.23762,0.02157,0.99815,0.41603,0.07893,0.0548,0.03147,2.32316,3.22778,0.02391,0,0.005842,0.005842,0.005842,0.002921,0.011684
23,1554.29,2.25467,3.23841,0.02141,0.99975,0.30665,0.0789,0.0559,0.03221,2.29056,3.25793,0.02413,0,0.005644,0.005644,0.005644,0.002822,0.011288
24,1620.69,2.24152,3.24451,0.02096,0.99899,0.36518,0.07168,0.05667,0.02988,2.31905,3.24625,0.02376,0,0.005446,0.005446,0.005446,0.002723,0.010892
25,1685.83,2.26463,3.2141,0.02105,0.99814,0.37073,0.07901,0.05637,0.03169,2.30047,3.17968,0.02369,0,0.005248,0.005248,0.005248,0.002624,0.010496
26,1751.62,2.24388,3.22223,0.021,0.99937,0.34457,0.0794,0.06134,0.03374,2.32747,3.18739,0.02357,0,0.00505,0.00505,0.00505,0.002525,0.0101
27,1818.13,2.2517,3.22,0.02095,0.99947,0.35832,0.08297,0.05962,0.03422,2.30379,3.19096,0.02347,0,0.004852,0.004852,0.004852,0.002426,0.009704
28,1888.33,2.25513,3.16595,0.02088,0.99818,0.35564,0.08341,0.06318,0.0359,2.3031,3.17567,0.02321,0,0.004654,0.004654,0.004654,0.002327,0.009308
29,1953.5,2.24523,3.14229,0.02056,1.00008,0.41977,0.09677,0.07237,0.03938,2.28408,3.13086,0.02353,0,0.004456,0.004456,0.004456,0.002228,0.008912
30,2019.13,2.21597,3.13149,0.02042,0.9992,0.35285,0.09038,0.06825,0.03809,2.28979,3.14434,0.02337,0,0.004258,0.004258,0.004258,0.002129,0.008516
31,2084.12,2.19912,3.14655,0.02057,0.99909,0.34775,0.10062,0.06833,0.03908,2.29141,3.12753,0.02305,0,0.00406,0.00406,0.00406,0.00203,0.00812
32,2150.98,2.1791,3.09634,0.02023,1.00019,0.33863,0.08865,0.07226,0.03988,2.2687,3.15547,0.0223,0,0.003862,0.003862,0.003862,0.001931,0.007724
33,2215.92,2.21436,3.10397,0.02034,0.99858,0.36609,0.09572,0.07525,0.04312,2.26948,3.1003,0.02277,0,0.003664,0.003664,0.003664,0.001832,0.007328
34,2283.52,2.21285,3.06521,0.01991,1.00005,0.29553,0.09648,0.07858,0.04504,2.27348,3.10461,0.02271,0,0.003466,0.003466,0.003466,0.001733,0.006932
35,2346.72,2.19691,3.08086,0.02045,0.99908,0.45751,0.08768,0.08086,0.04726,2.26368,3.09999,0.02294,0,0.003268,0.003268,0.003268,0.001634,0.006536
36,2411.71,2.1888,3.06354,0.01988,0.99923,0.33803,0.09653,0.08236,0.04782,2.26937,3.15426,0.02241,0,0.00307,0.00307,0.00307,0.001535,0.00614
37,2476.78,2.17584,3.05789,0.01988,0.99985,0.3343,0.09673,0.0776,0.04452,2.25262,3.07469,0.02213,0,0.002872,0.002872,0.002872,0.001436,0.005744
38,2543.06,2.15702,3.02773,0.0198,0.99993,0.3222,0.1042,0.0804,0.04743,2.21824,3.04398,0.02205,0,0.002674,0.002674,0.002674,0.001337,0.005348
39,2607.37,2.17165,2.99116,0.01954,0.99866,0.30962,0.09729,0.07786,0.04591,2.21806,3.04059,0.02166,0,0.002476,0.002476,0.002476,0.001238,0.004952
40,2668.5,2.15175,2.98783,0.01944,1.00059,0.36514,0.10088,0.08709,0.05193,2.21794,3.00521,0.02182,0,0.002278,0.002278,0.002278,0.001139,0.004556
41,2730.45,2.19804,3.05419,0.02225,0.99969,0.36433,0.10034,0.07964,0.0449,2.26142,3.06324,0.02228,0,0.00208,0.00208,0.00208,0.00104,0.00416
42,2791.68,2.18869,2.97589,0.02211,0.99994,0.31664,0.10159,0.08622,0.0506,2.21206,3.0185,0.02171,0,0.001882,0.001882,0.001882,0.000941,0.003764
43,2852.37,2.16375,2.92807,0.02191,0.99967,0.34574,0.0995,0.08867,0.05212,2.21864,2.97891,0.02158,0,0.001684,0.001684,0.001684,0.000842,0.003368
44,2913.34,2.1368,2.90818,0.02156,0.99938,0.33512,0.10516,0.09001,0.05342,2.20948,2.98877,0.02153,0,0.001486,0.001486,0.001486,0.000743,0.002972
45,2975.12,2.15699,2.88926,0.0217,0.99961,0.29256,0.10558,0.09476,0.05558,2.21423,2.97125,0.02172,0,0.001288,0.001288,0.001288,0.000644,0.002576
46,3037.54,2.14621,2.86289,0.02146,1.00018,0.31456,0.10559,0.08846,0.05327,2.22213,2.9574,0.02136,0,0.00109,0.00109,0.00109,0.000545,0.00218
47,3098.24,2.12996,2.87515,0.02126,1.00004,0.29129,0.1159,0.0932,0.0558,2.20592,2.96213,0.02129,0,0.000892,0.000892,0.000892,0.000446,0.001784
48,3160.86,2.1199,2.87492,0.02101,0.99958,0.2921,0.11552,0.09151,0.05569,2.2102,2.97048,0.02126,0,0.000694,0.000694,0.000694,0.000347,0.001388
49,3222.61,2.12663,2.85508,0.0211,0.99949,0.31658,0.111,0.09393,0.05621,2.20979,2.95746,0.02127,0,0.000496,0.000496,0.000496,0.000248,0.000992
50,3287.4,2.10074,2.83418,0.0209,1.00017,0.29414,0.11174,0.09314,0.05618,2.19186,2.95153,0.02113,0,0.000298,0.000298,0.000298,0.000149,0.000596
