seed,condition,family,n_images,off_static_gap,on64_static_gap,delta_static_on64_minus_off,off_response_gap,on64_response_gap,delta_response_on64_minus_off,c_gap,off_detection_loss_increase,on64_detection_loss_increase,delta_detection_loss_increase,off_confidence_drop,on64_confidence_drop,delta_confidence_drop
20260824,brightness:0.8,brightness,128,0.600766668561846,0.5290095182135701,-0.0717571503482759,1.0021755984053016,1.0037162033841014,0.00154060497879982,0.07329775532707572,0.0032971492037177086,-0.01304637175053358,-0.01634352095425129,-0.0001960259512998174,-0.0006692125694826238,-0.0004731866181828064
20260824,brightness:0.6,brightness,128,0.600766668561846,0.5290095182135701,-0.0717571503482759,1.0015228716656566,1.003211953677237,0.0016890820115804672,0.07344623235985637,0.008329744450747967,-0.006262778304517269,-0.014592522755265236,0.0004879077314399184,-0.00022740479325875475,-0.0007153125246986731
20260824,contrast:0.75,contrast,128,0.600766668561846,0.5290095182135701,-0.0717571503482759,0.9927225653082132,0.9998907130211592,0.007168147712945938,0.07892529806122184,0.01605042489245534,0.01927528576925397,0.0032248608767986298,0.011384706140961497,0.010967128793708982,-0.0004175773472525155
20260824,contrast:0.5,contrast,128,0.600766668561846,0.5290095182135701,-0.0717571503482759,0.9940145355649292,0.996955924667418,0.002941389102488756,0.07469853945076466,0.1499240784905851,0.1791092655621469,0.029185187071561813,0.031877491559134795,0.03537883459939621,0.0035013430402614162
20260824,gaussian_blur:1.0,gaussian_blur,128,0.600766668561846,0.5290095182135701,-0.0717571503482759,1.0137113449163735,1.0150692658498883,0.0013579209335148335,0.07311507128179073,0.2429666444659233,0.251090451143682,0.008123806677758694,0.027936875406885518,0.03582889472017996,0.007892019313294439
20260824,gaussian_blur:2.0,gaussian_blur,128,0.600766668561846,0.5290095182135701,-0.0717571503482759,0.9958119480870664,0.9923927756026387,-0.0034191724844276905,0.06833797786384821,1.5584555673412979,1.6884406828321517,0.1299851154908538,0.0867615466035204,0.0895788046414964,0.0028172580379760004
20260824,gaussian_noise:0.03,gaussian_noise,128,0.600766668561846,0.5290095182135701,-0.0717571503482759,1.0001592403277755,1.0482538072392344,0.04809456691145897,0.11985171725973487,0.2624595775268972,0.23392801685258746,-0.02853156067430973,0.042536730150459334,0.04208949641906656,-0.000447233731392771
20260824,gaussian_noise:0.06,gaussian_noise,128,0.600766668561846,0.5290095182135701,-0.0717571503482759,1.0483546066097915,1.084490415174514,0.03613580856472254,0.10789295891299844,1.0199133297428489,0.913272118428722,-0.10664121131412685,0.08332610113429836,0.0818914279137971,-0.0014346732205012674
20260825,brightness:0.8,brightness,128,0.6001206794753671,0.5194668220356107,-0.0806538574397564,0.9940397259779274,0.9892889815382659,-0.004750744439661503,0.07590311300009489,0.007213540840893984,-0.021667055319994688,-0.028880596160888672,0.0012966048903763291,-0.0002484880271367728,-0.001545092917513102
20260825,brightness:0.6,brightness,128,0.6001206794753671,0.5194668220356107,-0.0806538574397564,0.9948701709508896,0.9913667365908623,-0.0035034343600273132,0.07715042307972908,0.024772219825536013,-0.0010296963155269623,-0.025801916141062975,0.005230857117567211,0.0018887531710788609,-0.0033421039464883503
20260825,contrast:0.75,contrast,128,0.6001206794753671,0.5194668220356107,-0.0806538574397564,0.9957240782678127,0.9970875848084688,0.0013635065406560898,0.08201736398041248,0.02975589269772172,0.015331487637013197,-0.014424405060708523,0.013674864848144352,0.01451762090437114,0.0008427560562267889
20260825,contrast:0.5,contrast,128,0.6001206794753671,0.5194668220356107,-0.0806538574397564,0.996103425975889,1.0028346320614219,0.006731206085532904,0.0873850635252893,0.1699010757729411,0.1628754655830562,-0.007025610189884901,0.03561537077184766,0.03743256400921382,0.0018171932373661562
20260825,gaussian_blur:1.0,gaussian_blur,128,0.6001206794753671,0.5194668220356107,-0.0806538574397564,1.0119346976280212,1.022656346205622,0.010721648577600718,0.09137550601735711,0.2191009190864861,0.2696002903394401,0.050499371252954006,0.03238937638234347,0.04507717298401985,0.012687796601676384
20260825,gaussian_blur:2.0,gaussian_blur,128,0.6001206794753671,0.5194668220356107,-0.0806538574397564,0.9963470087386668,0.999847523868084,0.003500515129417181,0.08415437256917357,1.5416073123924434,1.7000973583199084,0.15849004592746496,0.0871040058991639,0.0994404099037638,0.012336404004599899
20260825,gaussian_noise:0.03,gaussian_noise,128,0.6001206794753671,0.5194668220356107,-0.0806538574397564,1.0439256522804499,1.0742329484783113,0.030307296197861433,0.11096115363761783,0.1853251699358225,0.27832010900601745,0.09299493907019496,0.034440257487585765,0.04039738823194057,0.005957130744354805
20260825,gaussian_noise:0.06,gaussian_noise,128,0.6001206794753671,0.5194668220356107,-0.0806538574397564,1.073667076881975,1.0854210299439728,0.01175395306199789,0.09240781050175428,0.9557070985902101,1.1384744943352416,0.18276739574503154,0.08028731235826854,0.0873757590889909,0.007088446730722356
20260826,brightness:0.8,brightness,128,0.5933577218092978,0.5902046672999859,-0.0031530545093119144,0.9996490147896111,0.9952538255602121,-0.004395189229398966,-0.0012421347200870514,-0.00141080841422081,0.005175911355763674,0.006586719769984484,-0.00153069959487766,-0.0007995302032213662,0.0007311693916562939
20260826,brightness:0.6,brightness,128,0.5933577218092978,0.5902046672999859,-0.0031530545093119144,1.0010948413982987,0.9955021552741528,-0.005592686124145985,-0.00243963161483407,-0.00040082260966300964,-0.00768761383369565,-0.0072867912240326405,-0.0016664247843436895,-0.0006596435327082873,0.0010067812516354022
20260826,contrast:0.75,contrast,128,0.5933577218092978,0.5902046672999859,-0.0031530545093119144,0.995578620582819,0.9991087196394801,0.003530099056661129,0.0066831535659730434,0.031484258361160755,-0.00046333298087120056,-0.031947591342031956,0.007210463471710682,0.009526796190766618,0.0023163327190559363
20260826,contrast:0.5,contrast,128,0.5933577218092978,0.5902046672999859,-0.0031530545093119144,0.9973354460671544,1.002794537693262,0.005459091626107693,0.008612146135419607,0.15508294757455587,0.13040181854739785,-0.024681129027158022,0.023033371299970896,0.027775784002733415,0.00474241270276252
20260826,gaussian_blur:1.0,gaussian_blur,128,0.5933577218092978,0.5902046672999859,-0.0031530545093119144,1.0181558378972113,1.012853542342782,-0.005302295554429293,-0.0021492410451173782,0.28650326654314995,0.20807925378903747,-0.07842401275411248,0.039321278757415715,0.03469331026135478,-0.004627968496060932
20260826,gaussian_blur:2.0,gaussian_blur,128,0.5933577218092978,0.5902046672999859,-0.0031530545093119144,0.9987460384145379,0.9982441160827875,-0.0005019223317503929,0.0026511321775615215,1.719505469314754,1.5253065736033022,-0.19419889571145177,0.10182092777104117,0.08874036842898932,-0.01308055934205185
20260826,gaussian_noise:0.03,gaussian_noise,128,0.5933577218092978,0.5902046672999859,-0.0031530545093119144,1.0166831258684397,1.0632633198983967,0.046580194029957056,0.04973324853926897,0.22147188195958734,0.2880508662201464,0.06657898426055908,0.034088750998489556,0.04178149849176407,0.007692747493274511
20260826,gaussian_noise:0.06,gaussian_noise,128,0.5933577218092978,0.5902046672999859,-0.0031530545093119144,1.0544087123125792,1.0746934176422656,0.020284705329686403,0.023437759838998318,0.9376762439496815,1.1861707211937755,0.24849447724409401,0.08373672781453934,0.08669690307797281,0.002960175263433479
