scope,group,metric,n,blocks,mean,std,median,q25,q75,positive_fraction,negative_fraction,ci_low,ci_high
pooled,all,A_Z,384,16,37.304034783303344,30.139254536276322,23.355071566664044,12.699342751367938,60.734661201968464,1.0,0.0,21.7243629112835,24.786235720554004
pooled,all,A_Z_single,384,16,26.37793596089263,21.3116712625084,16.51452947988527,8.979791376104497,42.94589078897941,1.0,0.0,15.361444331526089,17.526515358091967
pooled,all,A_P4,384,16,35.161347600536516,29.34668733841736,21.328581906437716,10.956543084600188,57.60112554044351,1.0,0.0,19.65281991503819,22.648165704325955
pooled,all,projector_transfer_ratio,384,16,0.9187019673453776,0.07391948095817473,0.9213509602619041,0.8771298564054981,0.9663965717769443,1.0,0.0,0.9083754435941283,0.9415213046487914
pooled,all,G_norm,384,16,19.775871534884644,15.814929711331207,12.439322434084776,6.78212163538279,32.66177206582014,1.0,0.0,11.654899349912888,13.496756651204832
pooled,all,G_angle,384,16,1.325223142342917,0.056552115698707835,1.3230346458761502,1.2835852566542487,1.3537864698288304,1.0,0.0,1.3076597897449962,1.3405014667577615
pooled,all,dominance_margin,384,16,2.0094955789421527,0.8514118245578532,1.8883919348090066,1.2871364352293932,2.8474899394105315,0.9947916666666666,0.005208333333333333,1.8200982993394996,2.0019822552253856
pooled,all,student_static_norm_median,384,16,3.90027849457411,0.32614451859313076,3.885749269821871,3.6729926612559405,4.039819323587913,1.0,0.0,3.8481923478713007,3.9200163648181516
pooled,all,student_response_norm_median,384,16,0.44588831790100075,0.38679312747306094,0.346861809639191,0.1369223695348186,0.6461852460712472,1.0,0.0,0.3236312295821875,0.3975174372338587
pooled,all,teacher_response_norm_median,384,16,0.29232272824922023,0.21138914079853172,0.23194700000724291,0.098235164933037,0.47481732773064406,1.0,0.0,0.21849965337581642,0.2415091254746383
pooled,all,cos_static_mean,384,16,0.6452497782296872,0.032670543804258725,0.6483460639551649,0.6241529160716678,0.6658999535945958,1.0,0.0,0.6359145318929118,0.6593229530844432
pooled,all,cos_response_mean,384,16,-0.0010565641683405345,0.017045294358312726,-0.0003452159213762644,-0.012448051690000489,0.010737310436520812,0.4973958333333333,0.5026041666666666,-0.003269976767617022,0.0027720975369310147
pooled,all,response_grad_Z,384,16,0.22744720402243326,0.18209252079616436,0.14555690774945704,0.07820331289479922,0.3704587285146683,1.0,0.0,0.12737776360352054,0.16045583504631875
pooled,all,response_grad_P4,384,16,0.16567563353867262,0.1328400516070165,0.10140600924383503,0.055906932354688216,0.2785876909674949,1.0,0.0,0.09421277054588709,0.10655922529934758
seed,20260824,A_Z,128,16,39.74084209401891,32.59663781228618,24.30600649035083,12.830215091659621,63.30929732782013,1.0,0.0,20.87090693118299,29.7950985218622
seed,20260824,A_Z_single,128,16,28.101018934744566,23.04930364094938,17.186942012891308,9.0723320953945,44.76643345265698,1.0,0.0,14.757959820552808,21.06831621093004
seed,20260824,A_P4,128,16,37.565022567442654,32.02012482536632,22.42561233049184,10.84067529110298,60.19516254654624,1.0,0.0,18.886297229540855,27.138066486136175
seed,20260824,projector_transfer_ratio,128,16,0.914898037053695,0.09324922665031352,0.9138588130051906,0.8541678781200625,0.9749099523817437,1.0,0.0,0.8823010510505368,0.9505385738585188
seed,20260824,G_norm,128,16,20.378682650956478,16.476538336763902,12.89325669823982,6.716619095202249,32.81225841388434,1.0,0.0,11.339903995214996,14.961065424425888
seed,20260824,G_angle,128,16,1.363889721689489,0.06021295893627442,1.3602324139015431,1.3245063360631226,1.403892713364934,1.0,0.0,1.3288637127962275,1.39186232535854
seed,20260824,dominance_margin,128,16,1.9853277185027798,0.8928925290269067,1.9050632696806336,1.271547606680656,2.823269243427485,0.984375,0.015625,1.7467664785837003,2.0379343936287997
seed,20260824,student_static_norm_median,128,16,4.134556423576953,0.3825401932843622,4.061595967773689,4.010565048314221,4.136708422985048,1.0,0.0,4.024231378410814,4.109967859018825
seed,20260824,student_response_norm_median,128,16,0.4911481810463275,0.4937551542686293,0.3690191383128444,0.1374835675055705,0.6639663562047297,1.0,0.0,0.3126780515329981,0.43592201708958844
seed,20260824,teacher_response_norm_median,128,16,0.29325294418085845,0.213739931089325,0.23194700000724291,0.09969181358648545,0.4822537162299724,1.0,0.0,0.21670256658784715,0.24289323867626939
seed,20260824,cos_static_mean,128,16,0.6635344529589562,0.03507751111472142,0.6663479224768323,0.6471408749123981,0.6843978831140602,1.0,0.0,0.6496318242376693,0.6793556010229209
seed,20260824,cos_response_mean,128,16,-0.004282713766908738,0.020829164571218212,-0.0027313961427476,-0.017669182250000578,0.009853250204972522,0.4296875,0.5703125,-0.009056301016636967,0.001257739223961525
seed,20260824,response_grad_Z,128,16,0.22221356470667664,0.18001498060797103,0.14163312771910208,0.07539488921781386,0.36468588626606396,1.0,0.0,0.11783872326150609,0.16572971190164945
seed,20260824,response_grad_P4,128,16,0.17530277214684178,0.13920739942725452,0.1136285997382841,0.05719604251503547,0.28174985261760344,1.0,0.0,0.0938106779898181,0.1274799672153454
seed,20260825,A_Z,128,16,35.556337691092764,27.3222750796771,23.44586623825651,13.431793397849024,58.730847101294714,1.0,0.0,21.99538691550064,24.793803320084105
seed,20260825,A_Z_single,128,16,25.142127495530517,19.319765986283894,16.578731007863908,9.497712195115742,41.52898025015578,1.0,0.0,15.55308724277236,17.531866459037005
seed,20260825,A_P4,128,16,34.156059026745766,26.923061714910773,21.685580559907656,11.788425225635327,57.079776441222,1.0,0.0,20.963352926680283,22.648165704325955
seed,20260825,projector_transfer_ratio,128,16,0.9435365698772342,0.04748779351972649,0.9464769425772209,0.9153241849181151,0.9749458600657233,1.0,0.0,0.9320171192002072,0.9597338380370717
seed,20260825,G_norm,128,16,19.242621850660175,14.712326737943354,12.609352438831127,7.247894323086786,31.668948979995776,1.0,0.0,11.765700586930022,13.249892087345225
seed,20260825,G_angle,128,16,1.3009336792231725,0.042705322651015044,1.3029135972865813,1.271247321210921,1.3300012743720562,1.0,0.0,1.2787807263828186,1.323447816521333
seed,20260825,dominance_margin,128,16,2.0415429379967036,0.7872684956875325,1.896092577887765,1.3964752693339728,2.8418481460979814,1.0,0.0,1.8401736411243035,1.9926273930666962
seed,20260825,student_static_norm_median,128,16,3.6367894396259635,0.06936561898859737,3.6348918470261333,3.6001027561484094,3.672686878732581,1.0,0.0,3.603996734206114,3.6576444075264174
seed,20260825,student_response_norm_median,128,16,0.39159121368884187,0.2706565808705209,0.3380040983993362,0.13421577827479786,0.5679640433616584,1.0,0.0,0.32048770738049587,0.34912001305449447
seed,20260825,teacher_response_norm_median,128,16,0.29273448401855096,0.2125146972530146,0.23072457919710948,0.09683624702537053,0.4748340642746986,1.0,0.0,0.22057082222129837,0.23986567613521825
seed,20260825,cos_static_mean,128,16,0.6319655170010805,0.026671365771952442,0.6270815576084778,0.6152999958176077,0.6552506646708268,1.0,0.0,0.6200978891385784,0.6496532454573749
seed,20260825,cos_response_mean,128,16,-0.0007068254672433352,0.014189212381114414,-0.00021594335546777654,-0.010240661487103621,0.009601343383772366,0.5,0.5,-0.004048404184352503,0.004774551047164208
seed,20260825,response_grad_Z,128,16,0.23509479094966798,0.18002870020205636,0.15497453365200742,0.08803647778283141,0.38384573659229193,1.0,0.0,0.14498347814994406,0.1605203261119879
seed,20260825,response_grad_P4,128,16,0.15125221087227356,0.11707407022792615,0.09625928697381682,0.05603325196506498,0.2541187402107001,1.0,0.0,0.09383058109569047,0.10042603705074796
seed,20260826,A_Z,128,16,36.61492456479834,30.345340642281307,22.240935198697255,11.507134908051526,60.033617797339524,1.0,0.0,20.32637999218959,24.760045205518935
seed,20260826,A_Z_single,128,16,25.890661452402803,21.45739614557285,15.726716098929401,8.136773125511672,42.45017824366018,1.0,0.0,14.372921129451822,17.5079958673079
seed,20260826,A_P4,128,16,33.76296120742112,28.95331729734451,20.12288295545722,9.745300483253674,54.979114333697126,1.0,0.0,17.466701623013723,21.173942603785413
seed,20260826,projector_transfer_ratio,128,16,0.8976712951052033,0.0666771281448596,0.9037514586444728,0.8607040559074941,0.9406840814492354,1.0,0.0,0.8910142465871141,0.9191669696399153
seed,20260826,G_norm,128,16,19.70631010303729,16.29994447075237,11.92805925353437,6.193674380615711,32.870533553164066,1.0,0.0,10.894722669458424,13.670034790641793
seed,20260826,G_angle,128,16,1.3108460261160901,0.04342367339285066,1.3154020118011505,1.276252191580142,1.3399466194191638,1.0,0.0,1.2836589126872193,1.3380206787265796
seed,20260826,dominance_margin,128,16,2.0016160803269747,0.8760062404327349,1.8443200465378307,1.2208946669451892,2.874165630597237,1.0,0.0,1.7513944093752722,2.021181118412519
seed,20260826,student_static_norm_median,128,16,3.9294896205194147,0.20853248200254748,3.88428836391794,3.8072533914782127,3.9421073488386464,1.0,0.0,3.8394105166015593,3.925537617613548
seed,20260826,student_response_norm_median,128,16,0.45492555896783277,0.359187124194519,0.37624657618897883,0.13795841879175227,0.7151954389811745,1.0,0.0,0.31308197089628725,0.4076422182963759
seed,20260826,teacher_response_norm_median,128,16,0.2909807565482513,0.2095464158292785,0.2293089262238298,0.0984002139806313,0.4666593925179362,1.0,0.0,0.22066929015517478,0.23864449251226336
seed,20260826,cos_static_mean,128,16,0.640249364729025,0.027149302918097015,0.6467205720631619,0.6222210743520452,0.6597909182774115,1.0,0.0,0.6294517631481257,0.6578856788878875
seed,20260826,cos_response_mean,128,16,0.0018198467291304708,0.014901732726592069,0.001634622261669603,-0.009725877808863654,0.012989659453844268,0.5625,0.4375,-0.003749568358805265,0.006268665016495139
seed,20260826,response_grad_Z,128,16,0.22503325641095528,0.18731544183452972,0.1357705261028211,0.0694677554948633,0.36592800068974196,1.0,0.0,0.12276526844658647,0.16045583504631875
seed,20260826,response_grad_P4,128,16,0.17047191759690253,0.14073388726086825,0.10014528109167282,0.052110616493493286,0.2838006707806734,1.0,0.0,0.08870696857807216,0.11149713766520716
family,brightness,A_Z,96,16,80.81754456587224,18.076131275672864,80.83506686797017,71.5166468425066,90.81977949392962,1.0,0.0,78.24961470041211,84.91762814513567
family,brightness,A_Z_single,96,16,57.146633801374264,12.78175500264652,57.15902394000971,50.569905950059905,64.21928194602458,1.0,0.0,55.33083317989595,60.04583070370305
family,brightness,A_P4,96,16,77.3784445615586,18.054956011642187,77.83738660084262,66.54660270448039,87.03701390671657,1.0,0.0,74.46262304754961,83.02880343726557
family,brightness,projector_transfer_ratio,96,16,0.954205819053587,0.050769309498682545,0.9599256694239371,0.9185695994981734,0.9888913286307217,1.0,0.0,0.9365618600635814,0.9777741127946923
family,brightness,G_norm,96,16,42.80855200553797,8.95045446338231,43.37108790055122,38.12951071592086,47.48353547493855,1.0,0.0,41.326041884074115,45.9857692895642
family,brightness,G_angle,96,16,1.3311724707552226,0.06024749564512676,1.3263362299347152,1.2939250494032226,1.3578493551510378,1.0,0.0,1.309348399432515,1.3431297835818397
family,brightness,dominance_margin,96,16,3.0962816220344322,0.2248257738767313,3.1321337154568973,2.9815542147249547,3.2364017354236463,1.0,0.0,3.0630955928408383,3.1931914854921435
family,brightness,student_static_norm_median,96,16,3.9203539417313693,0.3721338503894717,3.9063421261032816,3.656472459359251,4.039887014273024,1.0,0.0,3.8201481181174453,3.9355030193568887
family,brightness,student_response_norm_median,96,16,0.1116992835834511,0.04817197450768514,0.10032393865143181,0.09326427357560314,0.11530008751832191,1.0,0.0,0.09665516361565178,0.10766813750439154
family,brightness,teacher_response_norm_median,96,16,0.08458218806319218,0.02434652074852757,0.0826079104339484,0.06083917370109816,0.10902469822278077,1.0,0.0,0.08113104000711455,0.0831318016371421
family,brightness,cos_static_mean,96,16,0.6467108488859753,0.0337199813401644,0.650366155806661,0.6226661311107807,0.6650668703735401,1.0,0.0,0.6331845849417239,0.6597063585887256
family,brightness,cos_response_mean,96,16,0.0009571768156400165,0.014548561546632546,0.0014757276638282706,-0.00942178868211082,0.010461146514126302,0.5416666666666666,0.4583333333333333,-0.0015753947492093924,0.005277175662803408
family,brightness,response_grad_Z,96,16,0.491250895697998,0.10810227899390777,0.5014429021975813,0.4402254220207598,0.5499752137135903,1.0,0.0,0.47344629453376535,0.5341777242890371
family,brightness,response_grad_P4,96,16,0.36139920168691847,0.06849911338216684,0.36415680762870273,0.31433167069882995,0.3985336030175785,1.0,0.0,0.35018718768164336,0.38679522590578563
family,contrast,A_Z,96,16,40.7433361451622,15.359607616024954,37.48553812670307,28.48848758525208,55.06906904161838,1.0,0.0,34.394856737192015,39.4264235340741
family,contrast,A_Z_single,96,16,28.809889276407166,10.860882701655784,26.50627820581861,20.144402757280517,38.93971215295852,1.0,0.0,24.320836436808282,27.87869143887668
family,contrast,A_P4,96,16,38.51583788302681,15.151597600074622,34.89121614080007,26.646140726573798,50.7525781232992,1.0,0.0,32.26250121945273,37.73627228309991
family,contrast,projector_transfer_ratio,96,16,0.9445140355919124,0.06383089835190618,0.9437536591885854,0.9081026636249077,0.9776477784799522,1.0,0.0,0.9243666749681242,0.966295154346501
family,contrast,G_norm,96,16,21.504559515878608,7.951132436635657,18.961200312802,15.297923845721368,27.95191770799061,1.0,0.0,18.073208857915276,20.350022562294487
family,contrast,G_angle,96,16,1.3367871240674123,0.056569444402662615,1.3324228414780417,1.3041794385414667,1.365950458146942,1.0,0.0,1.3181875157719014,1.3478797046519833
family,contrast,dominance_margin,96,16,2.3424011915548237,0.46650736893280337,2.287886332449371,2.089477738538509,2.7074160473653928,0.9895833333333334,0.010416666666666666,2.222560710197965,2.3625801604342556
family,contrast,student_static_norm_median,96,16,3.8745018197328114,0.25533367714746213,3.877601419848235,3.6463085280368768,4.028528279066389,1.0,0.0,3.8316979074178796,3.918260181961956
family,contrast,student_response_norm_median,96,16,0.26321815645875435,0.259634567844729,0.2476444219078755,0.15728198379580446,0.29112598516116295,1.0,0.0,0.21893315956524248,0.2577965344164045
family,contrast,teacher_response_norm_median,96,16,0.12993968342221873,0.04318727477977318,0.13225747614437527,0.08846412353146926,0.16944507057371327,1.0,0.0,0.1228559857583256,0.13338860008458994
family,contrast,cos_static_mean,96,16,0.6518280570324961,0.03071934329692986,0.6548045709931662,0.6292065485310677,0.6689029890638245,1.0,0.0,0.6400678619813631,0.6634084685163203
family,contrast,cos_response_mean,96,16,-0.005189562265427641,0.01777139872866127,-0.0044658905621614165,-0.01601871968069291,0.00637426898503037,0.4166666666666667,0.5833333333333334,-0.009526055583485968,0.0032245938610480493
family,contrast,response_grad_Z,96,16,0.24774473724058224,0.09100816148823825,0.21378026407569398,0.17562665852807624,0.32286384453504413,1.0,0.0,0.2003431209674379,0.2417878508006911
family,contrast,response_grad_P4,96,16,0.17917859854831844,0.06645601893026912,0.15976703268539205,0.1259530629471437,0.23204820404748025,1.0,0.0,0.14455813589980837,0.1783873200930003
family,gaussian_blur,A_Z,96,16,12.745624819957788,5.114870576573795,10.099773967689302,8.492179563419574,17.06959301473365,1.0,0.0,9.015764053125356,12.465977616554873
family,gaussian_blur,A_Z_single,96,16,9.012517740651719,3.6167596695868767,7.141618661004468,6.0048777563477955,12.070024972812687,1.0,0.0,6.375107899542852,8.814777306785665
family,gaussian_blur,A_P4,96,16,11.662700216598722,5.114201111905857,8.970323863811906,7.36244002263748,16.87481632342346,1.0,0.0,8.169715146023968,11.206639493547293
family,gaussian_blur,projector_transfer_ratio,96,16,0.9008664958426875,0.08101681799874731,0.9145993837125483,0.8620750074976015,0.952835001015411,1.0,0.0,0.8918276955094993,0.9335743700720261
family,gaussian_blur,G_norm,96,16,6.784956265560246,2.633278703497533,5.228308704429838,4.510846100296202,9.40052814692108,1.0,0.0,4.818970004188575,6.726019121313348
family,gaussian_blur,G_angle,96,16,1.3221735397640633,0.056606143746566556,1.3221747551644096,1.2901323677044048,1.3468554242441775,1.0,0.0,1.3016911113715273,1.3372446458905074
family,gaussian_blur,dominance_margin,96,16,1.2083607888939447,0.40052492470586065,1.022844128275488,0.8790400529858551,1.608461807473824,1.0,0.0,0.9854087257030543,1.24133263644534
family,gaussian_blur,student_static_norm_median,96,16,3.923345530372844,0.4194607865200652,3.874941215284286,3.6841027641770876,4.016887522934969,1.0,0.0,3.8509995188349264,3.9156562251932097
family,gaussian_blur,student_response_norm_median,96,16,0.7755468906722561,0.3847187351911849,0.8255199260803402,0.4805182328236144,0.9375925999453001,1.0,0.0,0.670668795769175,0.8694118166444973
family,gaussian_blur,teacher_response_norm_median,96,16,0.4016750989118991,0.11132010749335144,0.38435016372999453,0.2975016556066253,0.5056216561867558,1.0,0.0,0.3775235609376154,0.4063601734729685
family,gaussian_blur,cos_static_mean,96,16,0.6450973254654285,0.03488788431622849,0.6482079611548317,0.6268551785750477,0.6668068745372357,1.0,0.0,0.6373792646776844,0.6560669272262533
family,gaussian_blur,cos_response_mean,96,16,0.009217806922116448,0.015274346159955788,0.009449229334127346,0.0019792933047516163,0.01767225172657307,0.7916666666666666,0.20833333333333334,0.0054507124052543005,0.013379174144627254
family,gaussian_blur,response_grad_Z,96,16,0.0783643054036221,0.030952253719358613,0.06181753932433022,0.05232712525036909,0.10896826718228178,1.0,0.0,0.058996619010273796,0.07931756160369344
family,gaussian_blur,response_grad_P4,96,16,0.05651844106314726,0.021520258277098706,0.04344138780943535,0.036658782413065624,0.07595403299353796,1.0,0.0,0.0411740431183064,0.0561873076401639
family,gaussian_noise,A_Z,96,16,14.909633602221135,5.638814934793428,13.008693662521987,10.802223246756874,19.17699570078799,1.0,0.0,12.052665794506996,14.407045052947419
family,gaussian_noise,A_Z_single,96,16,10.542703025137376,3.9872442782484128,9.198535503147761,7.638325309672749,13.560183702812456,1.0,0.0,8.522521714671043,10.187319253799222
family,gaussian_noise,A_P4,96,16,13.088407740961921,5.257768912679679,11.714588275941242,9.257485790072327,17.062026443021733,1.0,0.0,10.41902210498499,12.86896037736113
family,gaussian_noise,projector_transfer_ratio,96,16,0.8752215188933233,0.06807574421646095,0.8710682136625163,0.845360087937768,0.9089339011513171,1.0,0.0,0.8563126064344904,0.8874513759531675
family,gaussian_noise,G_norm,96,16,8.005418352561758,2.90349346920572,7.115659013611089,6.016374727315394,10.365181878601398,1.0,0.0,6.431702054872278,7.915121641371809
family,gaussian_noise,G_angle,96,16,1.3107594347849707,0.04967638810126733,1.3128548540999072,1.2728359662365039,1.3447766692481378,1.0,0.0,1.2945623291039712,1.334255417906303
family,gaussian_noise,dominance_margin,96,16,1.3909387132854103,0.39135881880366163,1.3551346736164147,1.1983595357800765,1.7251875977087203,0.9895833333333334,0.010416666666666666,1.2553721677393335,1.4588334126552416
family,gaussian_noise,student_static_norm_median,96,16,3.8829126864594152,0.21746879311793743,3.8893398835668975,3.7019610333353588,4.051082135222666,1.0,0.0,3.83214220217842,3.9312315072648207
family,gaussian_noise,student_response_norm_median,96,16,0.6330889408895416,0.3059604666985537,0.5987020382705626,0.41864473095735183,0.725914730565624,1.0,0.0,0.5547814027037263,0.6698868050314457
family,gaussian_noise,teacher_response_norm_median,96,16,0.5530939425995709,0.1193526891889391,0.5618249934711099,0.44354201693441475,0.6326094650072535,1.0,0.0,0.5178869485726904,0.601386145228773
family,gaussian_noise,cos_static_mean,96,16,0.6373628815348492,0.029941884535485557,0.6389055671411956,0.6169868871465212,0.6593270573442949,1.0,0.0,0.6303727870357646,0.6498393632082681
family,gaussian_noise,cos_response_mean,96,16,-0.00921167814569096,0.014673622337906206,-0.009938008157104973,-0.01908820033544546,-0.000586816277811424,0.23958333333333334,0.7604166666666666,-0.013313976365669397,-0.0053832193727195235
family,gaussian_noise,response_grad_Z,96,16,0.09242887774753082,0.03359204128899535,0.08462711507820404,0.06893058893588488,0.12193441325018504,1.0,0.0,0.07611043044204759,0.09085155921067875
family,gaussian_noise,response_grad_P4,96,16,0.06560629285630631,0.022722664534043365,0.057810470816526925,0.04937360106156784,0.08346301353553115,1.0,0.0,0.05386934505757443,0.0642526041720545
condition,brightness:0.6,A_Z,48,16,79.96168873867637,20.951056477747255,79.56213898861195,67.51720531345805,89.30185482041097,1.0,0.0,70.77338380925752,85.93491268971766
condition,brightness:0.6,A_Z_single,48,16,56.54145234224604,14.814634108437426,56.25892800455411,47.74187372391058,63.14594711604917,1.0,0.0,50.0443396190442,60.765159503573244
condition,brightness:0.6,A_P4,48,16,76.48152376172375,20.14171964548967,75.65612165182536,65.13685144781506,88.23203930339031,1.0,0.0,69.10727176228167,85.44062430539886
condition,brightness:0.6,projector_transfer_ratio,48,16,0.9550645602968375,0.04783730841193438,0.9558418514475362,0.9185151424907241,0.986858397914248,1.0,0.0,0.9365618600635814,0.9757652130499259
condition,brightness:0.6,G_norm,48,16,42.31451434098082,10.4618659297426,42.33906922254745,36.01184751840275,46.96811200678978,1.0,0.0,38.60144113526507,45.90253833431211
condition,brightness:0.6,G_angle,48,16,1.332174312173268,0.06092906849150072,1.327849854141478,1.2939250494032226,1.3583040081874658,1.0,0.0,1.309348399432515,1.343580943190691
condition,brightness:0.6,dominance_margin,48,16,3.0792889935490524,0.23479150406319127,3.0771223070791187,2.9578577750884607,3.238198933705844,1.0,0.0,3.002373269976185,3.199628109264063
condition,brightness:0.6,student_static_norm_median,48,16,3.9187335217829506,0.37013177909387457,3.9132763366397167,3.6688674882421193,4.027540081874793,1.0,0.0,3.8175115942454494,3.9355030193568887
condition,brightness:0.6,student_response_norm_median,48,16,0.1128590514327732,0.03565705310691046,0.10691222645666948,0.09374619193259723,0.11955169160471642,1.0,0.0,0.09648306067879217,0.11203269791241821
condition,brightness:0.6,teacher_response_norm_median,48,16,0.10813598437082506,0.0070004390363686405,0.10903812559698038,0.1028934740564752,0.11186761028380517,1.0,0.0,0.10384141185769623,0.11160441545687677
condition,brightness:0.6,cos_static_mean,48,16,0.6473973995611074,0.03403262955055826,0.6516166985138103,0.6242615713630859,0.6658360413895253,1.0,0.0,0.6342027441221636,0.660725302308872
condition,brightness:0.6,cos_response_mean,48,16,-0.0009903171922177056,0.01490521560009847,0.0011756656605988493,-0.010240661487103621,0.008203523807840011,0.5208333333333334,0.4791666666666667,-0.004519254085322794,0.0057807366875095925
condition,brightness:0.6,response_grad_Z,48,16,0.48510819733173555,0.12415212530411403,0.4825267339959008,0.4281997124514261,0.5518122987807157,1.0,0.0,0.4576890779323456,0.5393730208315333
condition,brightness:0.6,response_grad_P4,48,16,0.35760287477340696,0.08084897924978389,0.35216433343389175,0.29653964361778323,0.40093738104476784,1.0,0.0,0.30896130153979384,0.38681488431434796
condition,brightness:0.8,A_Z,48,16,81.67340039306809,14.832470521371635,82.3898120279456,76.82366277621509,91.43557679806884,1.0,0.0,79.33642705622152,85.94215404866165
condition,brightness:0.8,A_Z_single,48,16,57.751815260502475,10.488140487411448,58.25839478564531,54.32253290465024,64.65471639561781,1.0,0.0,56.099325566566115,60.770279917587544
condition,brightness:0.8,A_P4,48,16,78.27536536139343,15.860851542596965,80.85502715538807,71.84640876072763,85.6915154285635,1.0,0.0,76.89023817605903,83.47621560169422
condition,brightness:0.8,projector_transfer_ratio,48,16,0.9533470778103365,0.05403676669532838,0.9603392543104257,0.9197192388253612,0.9916422526553526,1.0,0.0,0.9307656020754413,0.9803976294712478
condition,brightness:0.8,G_norm,48,16,43.30258967009513,7.209478521081256,44.40660972291944,40.74338335720151,47.590260395892024,1.0,0.0,42.08198186530856,46.121658135465125
condition,brightness:0.8,G_angle,48,16,1.3301706293371767,0.0601859530538926,1.3236160639926955,1.2928869620806802,1.3553883388100187,1.0,0.0,1.3098048133971887,1.3423526200699558
condition,brightness:0.8,dominance_margin,48,16,3.113274250519813,0.21552698426434438,3.147978571674332,3.062812438376309,3.2356226267431856,1.0,0.0,3.0996746350088795,3.2076396859581138
condition,brightness:0.8,student_static_norm_median,48,16,3.9219743616797875,0.3780354053392063,3.9042617360127787,3.656334201972614,4.042107514237237,1.0,0.0,3.8227846419894407,3.936469806131093
condition,brightness:0.8,student_response_norm_median,48,16,0.11053951573412901,0.058448940392601775,0.09880448662646661,0.0929241021886481,0.10921682519517052,1.0,0.0,0.09537081176496001,0.10307360889593095
condition,brightness:0.8,teacher_response_norm_median,48,16,0.06102839175555932,0.0039926694262559055,0.06079738207468896,0.05742639237409187,0.0645877300047838,1.0,0.0,0.05797170800324776,0.06393274591138112
condition,brightness:0.8,cos_static_mean,48,16,0.6460242982108432,0.03375031744237284,0.649755616820835,0.6224638687428103,0.663830997662258,1.0,0.0,0.6323229281542622,0.6585244780389861
condition,brightness:0.8,cos_response_mean,48,16,0.002904670823497738,0.014068133966293615,0.0022981100972456875,-0.008710202338228046,0.014217021683317212,0.5625,0.4375,-0.0025555907268563893,0.008464393663259483
condition,brightness:0.8,response_grad_Z,48,16,0.4973935940642605,0.09016664892421154,0.5149914676084991,0.4572163672846234,0.5479039725329794,1.0,0.0,0.4932194773330987,0.5434444954623477
condition,brightness:0.8,response_grad_P4,48,16,0.36519552860043003,0.05401939158969706,0.36749770871677334,0.34164247353935473,0.3965640571906285,1.0,0.0,0.3580514958644589,0.38751120406283673
condition,contrast:0.5,A_Z,48,16,28.807024850645547,6.231554982388427,29.17095039695545,25.72630230656076,33.51007828750048,1.0,0.0,27.113466409383932,30.690037574946878
condition,contrast:0.5,A_Z_single,48,16,20.369642617700855,4.406374785383673,20.62697683934361,18.191242815824232,23.695203595183674,1.0,0.0,19.17211595954905,21.701133684114883
condition,contrast:0.5,A_P4,48,16,26.999537263174318,6.199701316868594,26.98773099263164,24.109769248632013,30.117566750133577,1.0,0.0,24.92342809319554,28.930903531941244
condition,contrast:0.5,projector_transfer_ratio,48,16,0.9418030888894625,0.07436072392842451,0.933873874846636,0.9004470291784211,0.977180280811161,1.0,0.0,0.9162529431269693,0.9650107139851718
condition,contrast:0.5,G_norm,48,16,15.178914199989016,3.03869993461423,15.504885858073983,13.782816428269383,17.10675505293375,1.0,0.0,14.667553658405872,16.1549957552083
condition,contrast:0.5,G_angle,48,16,1.33848880168092,0.05604350121847193,1.3341208319004225,1.3110645585575664,1.3670544055123304,1.0,0.0,1.3202761087830976,1.34835756795135
condition,contrast:0.5,dominance_margin,48,16,2.0362137824935433,0.3748380165648247,2.098669940222358,2.0125065783157727,2.187736247441138,0.9791666666666666,0.020833333333333332,2.039711074382838,2.158360889687489
condition,contrast:0.5,student_static_norm_median,48,16,3.863924959457895,0.23600377283942744,3.8765677714285554,3.6503057937129615,4.019542327524412,1.0,0.0,3.824416394681748,3.913409956040851
condition,contrast:0.5,student_response_norm_median,48,16,0.34312662312782233,0.31460115062527144,0.2900238965831087,0.26327013746672934,0.32515720085160693,1.0,0.0,0.27386793046464275,0.30363554107093005
condition,contrast:0.5,teacher_response_norm_median,48,16,0.17133930987072862,0.01409756636208591,0.16945513647422994,0.1601454873767179,0.1810996212643527,1.0,0.0,0.16154734572734142,0.17868831510133537
condition,contrast:0.5,cos_static_mean,48,16,0.6536610298919561,0.030500735692859545,0.6577041433288577,0.6308706755627582,0.6698671713486244,1.0,0.0,0.6425820723632248,0.6657746897745485
condition,contrast:0.5,cos_response_mean,48,16,-0.0071801264574995775,0.01829411469094601,-0.004423141077345121,-0.01723291917212191,0.004774726460937267,0.3958333333333333,0.6041666666666666,-0.012539509828281658,0.0013443120131091488
condition,contrast:0.5,response_grad_Z,48,16,0.1752318096099542,0.03441271163134297,0.17954830781085757,0.1660025518901017,0.19528369567103618,1.0,0.0,0.17204487960650658,0.19004284489656584
condition,contrast:0.5,response_grad_P4,48,16,0.12620447187849307,0.025643690841736913,0.12678163454697533,0.10777934056404681,0.14255315148160427,1.0,0.0,0.12249189564651508,0.13961692504436152
condition,contrast:0.75,A_Z,48,16,52.67964743967887,12.124705932929569,55.09791517821461,46.02778390140598,59.68377895272921,1.0,0.0,47.41657897408524,58.52285994748578
condition,contrast:0.75,A_Z_single,48,16,37.25013593511347,8.573461785067263,38.96010945175675,32.546558119673165,42.202804824313766,1.0,0.0,33.52858453324314,41.38191112329779
condition,contrast:0.75,A_P4,48,16,50.03213850287931,12.437685720463117,50.83502444009437,43.414424985929465,56.92733108000629,1.0,0.0,44.01246900543848,55.93288874100272
condition,contrast:0.75,projector_transfer_ratio,48,16,0.9472249822943625,0.05187415272342318,0.9531745584250368,0.9128467905568707,0.9783916383888517,1.0,0.0,0.9386761816285332,0.9676178499722959
condition,contrast:0.75,G_norm,48,16,27.830204831768203,6.068125096923958,27.99258381498663,24.494183165043722,31.490470204672214,1.0,0.0,26.144625249749335,30.581222721362348
condition,contrast:0.75,G_angle,48,16,1.3350854464539044,0.05763247950341913,1.3288430824076851,1.2992860064589786,1.3644655791246922,1.0,0.0,1.3155447523234285,1.3455742346023831
condition,contrast:0.75,dominance_margin,48,16,2.648588600616104,0.3284726276525125,2.7108468073470564,2.571238784850954,2.8078449235423575,1.0,0.0,2.6084304366711017,2.7668257669293324
condition,contrast:0.75,student_static_norm_median,48,16,3.885078680007727,0.27541137588191406,3.877601419848235,3.643155047992826,4.028528279066389,1.0,0.0,3.8389794201540117,3.918260181961956
condition,contrast:0.75,student_response_norm_median,48,16,0.1833096897896864,0.1556860547138274,0.15709985140687655,0.1381362523386165,0.17094194498736084,1.0,0.0,0.14777991970049614,0.16851982806539584
condition,contrast:0.75,teacher_response_norm_median,48,16,0.08854005697370886,0.008392412117265708,0.08838792685903765,0.08219809701424494,0.09314517619923843,1.0,0.0,0.08249015516467982,0.09259037187703355
condition,contrast:0.75,cos_static_mean,48,16,0.6499950841730362,0.031149268611776842,0.6528583126373769,0.6248028844617302,0.667113857948236,1.0,0.0,0.6356623790949045,0.6623571320574851
condition,contrast:0.75,cos_response_mean,48,16,-0.003198998073355705,0.017192932304131013,-0.0044658905621614165,-0.013192757120196342,0.007332865185779671,0.4375,0.5625,-0.008255049743938803,0.005551633300418482
condition,contrast:0.75,response_grad_Z,48,16,0.3202576648712103,0.06940432230573075,0.32289179637657045,0.29739810107516107,0.3639888245451781,1.0,0.0,0.3050973051586169,0.3417667786984265
condition,contrast:0.75,response_grad_P4,48,16,0.23215272521814379,0.05037102939929763,0.2331622042677608,0.19653067396527982,0.263822030727778,1.0,0.0,0.2147173746506304,0.2557520296740684
condition,gaussian_blur:1.0,A_Z,48,16,17.1811065535608,3.3082823647568147,17.10959841657945,16.305320692398972,19.157374797054374,1.0,0.0,16.663008389061286,18.297184376011955
condition,gaussian_blur:1.0,A_Z_single,48,16,12.148876952311474,2.339308894199411,12.098313063741944,11.529602831016645,13.546309628729407,1.0,0.0,11.782526226873564,12.938063148898602
condition,gaussian_blur:1.0,A_P4,48,16,16.07314954051189,3.3420370770393317,16.87776204445437,14.862170871040188,17.60718302197104,1.0,0.0,15.752168554186461,17.056101721585154
condition,gaussian_blur:1.0,projector_transfer_ratio,48,16,0.9316917236942333,0.060177991896753345,0.9462824794336585,0.903448610413982,0.9746426989693782,1.0,0.0,0.9164476023179156,0.9575524329757099
condition,gaussian_blur:1.0,G_norm,48,16,9.113764327337085,1.5848633957269695,9.412968219708205,8.793154063333223,10.009244597342686,1.0,0.0,8.872582300322964,9.67541365629404
condition,gaussian_blur:1.0,G_angle,48,16,1.3283041249508758,0.060926221149534894,1.3279717628645207,1.2981372497531174,1.3542710070523456,1.0,0.0,1.3127048359927795,1.3413619887026866
condition,gaussian_blur:1.0,dominance_margin,48,16,1.5589427966798084,0.20526397134828325,1.6108039919053847,1.5485936458376277,1.6604116881175122,1.0,0.0,1.5540719563406198,1.6543473434307505
condition,gaussian_blur:1.0,student_static_norm_median,48,16,3.915870303508115,0.36537140922981076,3.870345260722827,3.6841027641770876,4.034035776753799,1.0,0.0,3.836118036416166,3.922825184865861
condition,gaussian_blur:1.0,student_response_norm_median,48,16,0.5277742104331,0.2028961989509674,0.47982297256175077,0.44902660116162985,0.5212731048726787,1.0,0.0,0.4587731599463173,0.5051964492504137
condition,gaussian_blur:1.0,teacher_response_norm_median,48,16,0.2976386997301395,0.025074710233178137,0.2960433923832263,0.2788264601595657,0.3129392831656781,1.0,0.0,0.280331924001994,0.3113678855584975
condition,gaussian_blur:1.0,cos_static_mean,48,16,0.6466792517137137,0.03479336502281875,0.6507022504054184,0.6257964693504672,0.6658376925326428,1.0,0.0,0.6391025288521727,0.6600445973434692
condition,gaussian_blur:1.0,cos_response_mean,48,16,0.005618926996453148,0.013761486171356835,0.007683967314860837,0.00030413474341756916,0.013697920662498815,0.75,0.25,0.0049000173498962175,0.011448620208376958
condition,gaussian_blur:1.0,response_grad_Z,48,16,0.10510520808213786,0.01978603507976935,0.10928657787464625,0.10089546034025501,0.11599293834295142,1.0,0.0,0.10221143838184718,0.11378277999944351
condition,gaussian_blur:1.0,response_grad_P4,48,16,0.076307024742555,0.01107318450055992,0.07614774848867985,0.0740420153946348,0.08341912783531862,1.0,0.0,0.07486804606001127,0.0794888438203321
condition,gaussian_blur:2.0,A_Z,48,16,8.310143086354772,1.3234573896578072,8.556041931751945,7.907930931906364,8.933978186517507,1.0,0.0,8.354919875115504,8.773507337618245
condition,gaussian_blur:2.0,A_Z_single,48,16,5.876158528991964,0.9358256948384824,6.050035270058247,5.591751587105843,6.317276558659223,1.0,0.0,5.907820499964435,6.203806533219794
condition,gaussian_blur:2.0,A_P4,48,16,7.252250892685552,1.401966776316382,7.504588432332714,6.654976578197888,8.136553974952616,1.0,0.0,7.15043932814938,7.917862713161825
condition,gaussian_blur:2.0,projector_transfer_ratio,48,16,0.8700412679911419,0.08777749966617399,0.8865094030366076,0.8200670010605133,0.922647956129768,1.0,0.0,0.8534123991761596,0.9002278297573643
condition,gaussian_blur:2.0,G_norm,48,16,4.456148203783406,0.653132472734418,4.559706267567732,4.292177819780788,4.8025519286341245,1.0,0.0,4.452517863177676,4.692995399036365
condition,gaussian_blur:2.0,G_angle,48,16,1.316042954577251,0.05184510365987506,1.3177914051384687,1.2844097258344955,1.3414379872520157,1.0,0.0,1.2958349417974349,1.335388602157616
condition,gaussian_blur:2.0,dominance_margin,48,16,0.8577787811080809,0.1762802417117532,0.8974431011374033,0.8405726953105882,0.9512478018504944,1.0,0.0,0.8526701693121279,0.9133247735080628
condition,gaussian_blur:2.0,student_static_norm_median,48,16,3.930820757237574,0.47119832446466936,3.893065657101762,3.690574065766206,3.997095735478946,1.0,0.0,3.7791450924768104,3.924370379814536
condition,gaussian_blur:2.0,student_response_norm_median,48,16,1.0233195709114122,0.364148681257257,0.9349328238709386,0.8869294789926436,0.9956720402676585,1.0,0.0,0.927168469093117,0.9587131299439429
condition,gaussian_blur:2.0,teacher_response_norm_median,48,16,0.5057114980936589,0.048078398771350374,0.5058064788612304,0.4729665652057349,0.525740649442735,1.0,0.0,0.4746801909412545,0.520636629756658
condition,gaussian_blur:2.0,cos_static_mean,48,16,0.6435153992171433,0.0352779866300044,0.6443515177249284,0.6268551785750477,0.6668068745372357,1.0,0.0,0.6368354853916278,0.6550238937704618
condition,gaussian_blur:2.0,cos_response_mean,48,16,0.012816686847779748,0.015991927023184953,0.01247323693304311,0.0025151206606245534,0.02451249536498359,0.8333333333333334,0.16666666666666666,0.0062102779685929525,0.017918460002001334
condition,gaussian_blur:2.0,response_grad_Z,48,16,0.05162340272510632,0.009186957939915835,0.0527202560292239,0.049527401257407795,0.0568320143720072,1.0,0.0,0.051687269060272475,0.05417102452612432
condition,gaussian_blur:2.0,response_grad_P4,48,16,0.03672985738373952,0.0036934885716885086,0.036754356878056255,0.03467659752819707,0.038728766583195615,1.0,0.0,0.03529071108948532,0.038116624957069946
condition,gaussian_noise:0.03,A_Z,48,16,18.947964924155112,5.004964758699552,19.21977527385654,15.631938685000112,22.698372963220425,1.0,0.0,16.583289785108217,21.71039151998002
condition,gaussian_noise:0.03,A_Z_single,48,16,13.398234487554925,3.5390445204761463,13.590433429025492,11.053449847255902,16.05017344419455,1.0,0.0,11.726156661431624,15.351565065992787
condition,gaussian_noise:0.03,A_P4,48,16,16.84759768708884,4.727808627921749,17.098114136571745,13.778175096186501,20.153378414132977,1.0,0.0,14.429254722387498,19.201762714518754
condition,gaussian_noise:0.03,projector_transfer_ratio,48,16,0.8872855878349437,0.04979537345025673,0.8852489015013305,0.8550305322065945,0.9378401544191672,1.0,0.0,0.8655465332818273,0.9023474030333405
condition,gaussian_noise:0.03,G_norm,48,16,10.125638445215156,2.5260432335062775,10.377771959963846,8.633232348151756,11.743916527569699,1.0,0.0,9.147277336064727,11.424821149815111
condition,gaussian_noise:0.03,G_angle,48,16,1.3185677386970795,0.050169335681495036,1.3193519388538792,1.2796690984243686,1.3472619022884733,1.0,0.0,1.2972142593505085,1.338626283919587
condition,gaussian_noise:0.03,dominance_margin,48,16,1.6527998366583319,0.301311647419324,1.7265773997769605,1.5566418716201498,1.8263468450650764,1.0,0.0,1.6072991439466053,1.804433814633983
condition,gaussian_noise:0.03,student_static_norm_median,48,16,3.884497687495648,0.23341851051865511,3.874584695049455,3.6976678932206886,4.051148726605687,1.0,0.0,3.830334824423328,3.9230107957718827
condition,gaussian_noise:0.03,student_response_norm_median,48,16,0.4793941010692162,0.23624280151268454,0.4177035905063169,0.3766666264112495,0.4998240625418353,1.0,0.0,0.3860879328301787,0.46648196208720794
condition,gaussian_noise:0.03,teacher_response_norm_median,48,16,0.4592130679845356,0.06722541510784089,0.44218782242451415,0.42191212386691174,0.48137006096724355,1.0,0.0,0.42543193532640466,0.4702475872177635
condition,gaussian_noise:0.03,cos_static_mean,48,16,0.6414319065283987,0.02957720211453688,0.6428203161366646,0.6221358824451275,0.6643662914825984,1.0,0.0,0.6344873828952372,0.6573033106204216
condition,gaussian_noise:0.03,cos_response_mean,48,16,-0.01001549743854919,0.01262418760022688,-0.011113288195830396,-0.017019175998692564,-0.0017286616296927596,0.20833333333333334,0.7916666666666666,-0.014642272570946826,-0.005361413327063792
condition,gaussian_noise:0.03,response_grad_Z,48,16,0.11686837080760892,0.02930638114952565,0.12206735892231535,0.10078881869807241,0.1350856034414026,1.0,0.0,0.10679243838588023,0.13107597924020897
condition,gaussian_noise:0.03,response_grad_P4,48,16,0.08271480851409711,0.01915670946702844,0.08454468832654788,0.06907740124342644,0.0950467632111277,1.0,0.0,0.07457260929877821,0.09297597345636034
condition,gaussian_noise:0.06,A_Z,48,16,10.871302280287159,2.4308658616225607,11.024534085290282,9.359538874592298,12.343428544067113,1.0,0.0,10.07409761530868,11.82359545430396
condition,gaussian_noise:0.06,A_Z_single,48,16,7.687171562719826,1.718881734908192,7.79552281113099,6.618193407003321,8.728122026601447,1.0,0.0,7.123462738119995,8.360544523744768
condition,gaussian_noise:0.06,A_P4,48,16,9.329217794835003,2.1586819139832554,9.475368497695417,7.8078401978833005,10.592833104335135,1.0,0.0,8.421103694109284,10.030703300409396
condition,gaussian_noise:0.06,projector_transfer_ratio,48,16,0.8631574499517027,0.08118103334233759,0.8595997419859334,0.8272894917928197,0.8955834475771814,1.0,0.0,0.840596348763256,0.8740559906899585
condition,gaussian_noise:0.06,G_norm,48,16,5.8851982599083605,1.2153454298820876,6.035321547974189,5.350408796323141,6.561411340242582,1.0,0.0,5.5979181763923345,6.326932610395234
condition,gaussian_noise:0.06,G_angle,48,16,1.3029511308728619,0.04844064756986412,1.3039345167243357,1.2660754259664484,1.3396380394051557,1.0,0.0,1.2919103988574336,1.3210031689024295
condition,gaussian_noise:0.06,dominance_margin,48,16,1.1290775899124885,0.2805941553837974,1.2042336383665198,1.0923439698924617,1.250516170253797,0.9791666666666666,0.020833333333333332,1.109425095571882,1.233516500482314
condition,gaussian_noise:0.06,student_static_norm_median,48,16,3.8813276854231833,0.20273689031898054,3.9011963549201445,3.7046430231249214,4.051082135222666,1.0,0.0,3.8258007628844313,3.9602601383844407
condition,gaussian_noise:0.06,student_response_norm_median,48,16,0.7867837807098668,0.29181379370403876,0.7108610255996868,0.6588620594688424,0.8060694950349703,1.0,0.0,0.6810476301752773,0.7774861587980104
condition,gaussian_noise:0.06,teacher_response_norm_median,48,16,0.6469748172146063,0.07919390150785963,0.6267638623140968,0.6043514657250157,0.6591800167729513,1.0,0.0,0.6116590233660875,0.6582963591619103
condition,gaussian_noise:0.06,cos_static_mean,48,16,0.6332938565412998,0.030057916623595176,0.6349704715072562,0.609181447300386,0.6510605308168173,1.0,0.0,0.6247831587675614,0.6481087193491889
condition,gaussian_noise:0.06,cos_response_mean,48,16,-0.008407858852832732,0.016568696423157104,-0.009131599755142404,-0.01971073155361108,0.00015643692737508886,0.2708333333333333,0.7291666666666666,-0.015435002996610202,-0.0048764078217323585
condition,gaussian_noise:0.06,response_grad_Z,48,16,0.06798938468745269,0.014212718241594643,0.06990457496596891,0.06044621616981809,0.07646908020319905,1.0,0.0,0.06402650551741251,0.07359078329691798
condition,gaussian_noise:0.06,response_grad_P4,48,16,0.04849777719851553,0.008876202991172684,0.049564551331258644,0.04483839315701231,0.053540518020747246,1.0,0.0,0.046086430948378825,0.051375181706665315
leave_family_out,brightness,A_Z,288,16,22.799531522447044,16.11242172706218,17.907378444660182,10.540459572681934,28.69783263621565,1.0,0.0,16.480416183569236,19.30533441999364
leave_family_out,brightness,A_Z_single,288,16,16.121703347398753,11.393202664543129,12.662428731493023,7.453230440666054,20.2924320624247,1.0,0.0,11.653414040178328,13.650932881451565
leave_family_out,brightness,A_P4,288,16,21.088981946862482,15.700801188434163,16.84334638581675,9.018071841374013,26.715146305721866,1.0,0.0,14.880058369443317,17.426166124106096
leave_family_out,brightness,projector_transfer_ratio,288,16,0.906867350109308,0.07665785950731097,0.9106060814583756,0.8632299045144592,0.9530912933227424,1.0,0.0,0.8962292633236464,0.9227157717061898
leave_family_out,brightness,G_norm,288,16,12.098311378000204,8.405620118420392,9.4964505980894,5.832895118475017,15.146258324077019,1.0,0.0,8.84715892345648,10.175930645041076
leave_family_out,brightness,G_angle,288,16,1.3232400328721488,0.05523249999487438,1.3216948639553845,1.2832739801235933,1.3517290194452884,1.0,0.0,1.306661390777093,1.3387128111738535
leave_family_out,brightness,dominance_margin,288,16,1.6472335645780596,0.6510625810197924,1.6314085597953696,1.121782768755598,2.088336681612799,0.9930555555555556,0.006944444444444444,1.5540719563406198,1.6667811075776386
leave_family_out,brightness,student_static_norm_median,288,16,3.8935866788550237,0.30972774005050163,3.881090676075053,3.6758556173104493,4.039819323587913,1.0,0.0,3.847159102445693,3.9156562251932097
leave_family_out,brightness,student_response_norm_median,288,16,0.5572846626735174,0.38610189256501676,0.4684975097147872,0.2923701796470289,0.7550757109441273,1.0,0.0,0.4377032226781128,0.5022785213609982
leave_family_out,brightness,teacher_response_norm_median,288,16,0.36156957497789627,0.20047156797902568,0.35910722191167715,0.16946520237474663,0.51291497907406,1.0,0.0,0.3460741147346487,0.3762095349812008
leave_family_out,brightness,cos_static_mean,288,16,0.6447627546775911,0.03235844563209003,0.6478995726618615,0.6244625869252909,0.6660003044199674,1.0,0.0,0.6361962297597618,0.6593457446730178
leave_family_out,brightness,cos_response_mean,288,16,-0.0017278111630007183,0.01777234945167935,-0.0009594801857480593,-0.01363907678880036,0.010737310436520812,0.4826388888888889,0.5173611111111112,-0.005179469047379368,0.0030298623515112658
leave_family_out,brightness,response_grad_Z,288,16,0.13951264013057837,0.09665824702536956,0.110432848214643,0.06591001536981712,0.17520523425659668,1.0,0.0,0.10187657189843813,0.11763580384602723
leave_family_out,brightness,response_grad_P4,288,16,0.10043444415592401,0.07007864742822259,0.07732526031187989,0.04862553584157216,0.12635392165371365,1.0,0.0,0.07433141978344429,0.08364179094598981
leave_family_out,contrast,A_Z,288,16,36.157600996017045,33.598430143034705,18.120716293250872,10.70317327468456,71.02113815367389,1.0,0.0,16.715306776038773,19.316507787649805
leave_family_out,contrast,A_Z_single,288,16,25.567284855721116,23.75767779136234,12.813281370915252,7.568286402744078,50.21952839604944,1.0,0.0,11.819506770950463,13.658833645489931
leave_family_out,contrast,A_P4,288,16,34.04318417303975,32.684788320716514,16.888295532246207,9.076313101183398,66.32199809441215,1.0,0.0,15.344811983013857,17.44113164012368
leave_family_out,contrast,projector_transfer_ratio,288,16,0.9100979445965325,0.07513978272877037,0.9144815910852662,0.866000169422556,0.9599602001205333,1.0,0.0,0.9011609990547418,0.9307442464385036
leave_family_out,contrast,G_norm,288,16,19.19964220788666,17.649751324248935,9.556978573759816,5.854853133871958,37.97187377060974,1.0,0.0,8.968959804309804,10.192994304225579
leave_family_out,contrast,G_angle,288,16,1.3213684817680855,0.05611591182115135,1.319794162157352,1.2807544189143416,1.3504359101685721,1.0,0.0,1.3043824661671053,1.3384571521391198
leave_family_out,contrast,dominance_margin,288,16,1.8985270414045958,0.9197352078396842,1.6359952165240546,1.154282757618177,2.979657362108884,0.9965277777777778,0.003472222222222222,1.576972753135593,1.670682125509011
leave_family_out,contrast,student_static_norm_median,288,16,3.90887071952121,0.34651678611178494,3.8905384167521504,3.6784152432570343,4.042107514237237,1.0,0.0,3.8565877915362297,3.9228096545745457
leave_family_out,contrast,student_response_norm_median,288,16,0.5067783717150829,0.403059309918885,0.46711408033920976,0.11579645000345501,0.7408933850890336,1.0,0.0,0.43634292691375814,0.49362697885719753
leave_family_out,contrast,teacher_response_norm_median,288,16,0.34645040985822073,0.2173820436777565,0.35910722191167715,0.10905155297118,0.51291497907406,1.0,0.0,0.3460741147346487,0.37915841721849497
leave_family_out,contrast,cos_static_mean,288,16,0.643057018628751,0.033056393709699816,0.6463644645232588,0.6224758693706742,0.6643662914825984,1.0,0.0,0.6351819184219851,0.6575649617800488
leave_family_out,contrast,cos_response_mean,288,16,0.00032110186402183424,0.016600239964744388,0.0012465128646781591,-0.011504461486525551,0.011602164283964073,0.5243055555555556,0.4756944444444444,-0.0012675821592026898,0.003090691338910009
leave_family_out,contrast,response_grad_Z,288,16,0.22068135961638366,0.20328163954280692,0.11091095688818728,0.06777724410408295,0.43710755394933776,1.0,0.0,0.10325888437569584,0.1179264959788899
leave_family_out,contrast,response_grad_P4,288,16,0.161174645202124,0.14834399582521515,0.07794829980805129,0.048863940302004694,0.3142132370114492,1.0,0.0,0.07484576561343419,0.08372540299268524
leave_family_out,gaussian_blur,A_Z,288,16,45.490171437751854,30.570836899418477,37.144405215641356,18.87540827388271,71.97591721689348,1.0,0.0,33.46415065906142,39.4264235340741
leave_family_out,gaussian_blur,A_Z_single,288,16,32.16640870097293,21.61684607812673,26.265060811120964,13.346929188127127,50.89465914618695,1.0,0.0,23.6627278576706,27.87869143887668
leave_family_out,gaussian_blur,A_P4,288,16,42.9942300618491,29.90611052320925,34.12858105203763,16.62545641268625,68.6443643518255,1.0,0.0,30.326028123435215,37.73627228309991
leave_family_out,gaussian_blur,projector_transfer_ratio,288,16,0.9246471245129408,0.07054973702777856,0.9274961571389602,0.8811350039537723,0.9688744222457,1.0,0.0,0.9107773435385541,0.9434612051733632
leave_family_out,gaussian_blur,G_norm,288,16,24.106176624659447,16.006572605791774,18.70589760031394,10.087049883934089,38.25162495292465,1.0,0.0,16.963998568682946,20.350022562294487
leave_family_out,gaussian_blur,G_angle,288,16,1.3262396765358684,0.056596056991348835,1.3232083063173912,1.283131891962085,1.3550175282625339,1.0,0.0,1.3076597897449962,1.3426708329741524
leave_family_out,gaussian_blur,dominance_margin,288,16,2.276540508958222,0.7924843222613959,2.280302504775004,1.6689005050344023,2.9843524678730757,0.9930555555555556,0.006944444444444444,2.1873275907910896,2.3625801604342556
leave_family_out,gaussian_blur,student_static_norm_median,288,16,3.892589482641198,0.288916629141055,3.8894686922314365,3.662391420516456,4.040433445535515,1.0,0.0,3.8394105166015593,3.9295012586307667
leave_family_out,gaussian_blur,student_response_norm_median,288,16,0.336002126977249,0.3196744780587505,0.25207401719358247,0.11579645000345501,0.4393755868604408,1.0,0.0,0.21893315956524248,0.27488856362370934
leave_family_out,gaussian_blur,teacher_response_norm_median,288,16,0.25587193802832725,0.22404753122308554,0.1366988849892174,0.08846412353146926,0.44083362791461356,1.0,0.0,0.13323343481382852,0.13924811752215743
leave_family_out,gaussian_blur,cos_static_mean,288,16,0.6453005958177735,0.03196072163826686,0.6484620685482989,0.6238713641739999,0.665672343226002,1.0,0.0,0.6342300212517847,0.6596130290485545
leave_family_out,gaussian_blur,cos_response_mean,288,16,-0.004481354531826195,0.01623021940695047,-0.004435769685573719,-0.014706721573293766,0.0070355455814912725,0.3993055555555556,0.6006944444444444,-0.0074072718240223365,-0.0009965612233195915
leave_family_out,gaussian_blur,response_grad_Z,288,16,0.27714150356203704,0.18444274138857755,0.2069751048847458,0.11487544073018793,0.4419616147494002,1.0,0.0,0.19198436375930789,0.2417878508006911
leave_family_out,gaussian_blur,response_grad_P4,288,16,0.20206136436384772,0.13446820758660621,0.1580609560034873,0.08065281931881546,0.31699807041396666,1.0,0.0,0.14455813589980837,0.1783873200930003
leave_family_out,gaussian_noise,A_Z,288,16,44.768835176997406,31.273419152231007,37.144405215641356,16.954668587740475,71.97591721689348,1.0,0.0,33.4540720488808,39.33080909938211
leave_family_out,gaussian_noise,A_Z_single,288,16,31.656346939477714,22.113646753431787,26.265060811120964,11.988761131161834,50.89465914618695,1.0,0.0,23.655601204066954,27.811081823726653
leave_family_out,gaussian_noise,A_P4,288,16,42.51899422039471,30.378602587413468,34.12858105203763,16.27091828564634,68.6443643518255,1.0,0.0,30.30018564589865,37.522269638363895
leave_family_out,gaussian_noise,projector_transfer_ratio,288,16,0.933195450162729,0.07010437361887768,0.9411344678770301,0.900710455005677,0.976895838550289,1.0,0.0,0.9227526239905188,0.955226099031135
leave_family_out,gaussian_noise,G_norm,288,16,23.699355928992276,16.407107737783733,18.70589760031394,9.203352759877959,38.25162495292465,1.0,0.0,16.88812111253946,20.350022562294487
leave_family_out,gaussian_noise,G_angle,288,16,1.330044378195566,0.05794612476531141,1.3268372135475848,1.2932246460394667,1.3593410237234063,1.0,0.0,1.312463326752003,1.342609268847738
leave_family_out,gaussian_noise,dominance_margin,288,16,2.2156812008277336,0.863734550397633,2.280302504775004,1.5989945382979618,2.9843524678730757,0.9965277777777778,0.003472222222222222,2.1846134485744324,2.3625801604342556
leave_family_out,gaussian_noise,student_static_norm_median,288,16,3.906067097279008,0.3551924406545782,3.884513719625801,3.668316713452925,4.032634313332387,1.0,0.0,3.839897645078168,3.9197870776906742
leave_family_out,gaussian_noise,student_response_norm_median,288,16,0.3834881102381538,0.39119870561262093,0.25207401719358247,0.11579645000345501,0.484991239892158,1.0,0.0,0.21893315956524248,0.27488856362370934
leave_family_out,gaussian_noise,teacher_response_norm_median,288,16,0.20539899013243668,0.15680840071079039,0.1366988849892174,0.08846412353146926,0.2945851291598274,1.0,0.0,0.13323343481382852,0.13924811752215743
leave_family_out,gaussian_noise,cos_static_mean,288,16,0.6478787437946334,0.033164646444413914,0.6510676646241681,0.6254577565410429,0.6677315883663121,1.0,0.0,0.6379984156555156,0.6604492512003752
leave_family_out,gaussian_noise,cos_response_mean,288,16,0.0016618071574429408,0.016934996900918767,0.0033993973507920163,-0.00931021294210654,0.01293433505279502,0.5833333333333334,0.4166666666666667,-0.0006774080487943817,0.006483886536180133
leave_family_out,gaussian_noise,response_grad_Z,288,16,0.27245331278073415,0.18906297451205425,0.2069751048847458,0.10736963501736338,0.4419616147494002,1.0,0.0,0.19062041362800253,0.22939257898178322
leave_family_out,gaussian_noise,response_grad_P4,288,16,0.19903208043279472,0.13752130640435947,0.1580609560034873,0.07559413637749156,0.31699807041396666,1.0,0.0,0.14455813589980837,0.17391364221605338
